{
    "Role": [
        {
            "_comment": "I always start from 1 to avoid confusion",
            "id": 1,
            "name": "CEO",
            "game_id": 1,
            "mandatory": true
        },
        {
            "id": 2,
            "name": "CFO",
            "game_id": 1,
            "mandatory": false
        },
        {
            "id": 3,
            "name": "COO",
            "game_id": 1,
            "mandatory": false
        },
        {
            "id": 4,
            "name": "CMO",
            "game_id": 1,
            "mandatory": true
        },
        {
            "id": 5,
            "name": "VP of Supply Chain Management",
            "game_id": 1,
            "mandatory": true
        },
        {
            "id": 6,
            "name": "Legal Counsel",
            "game_id": 1,
            "mandatory": true
        },
        {
            "id": 7,
            "name": "HR Director",
            "game_id": 1,
            "mandatory": true
        },
        {
            "id": 8,
            "name": "Customer Relations Manager",
            "game_id": 1,
            "mandatory": true
        },
        {
            "id": 9,
            "name": "Production Manager",
            "game_id": 1,
            "mandatory": true
        }
    ],
    "Location": [
        {
            "id": 1,
            "name": "JFF"
        }
    ],
    "Room": [
        {
            "id": 1,
            "name": "Room A",
            "location_id": 1
        }
    ],
    "Game": [
        {
            "id": 1,
            "name": "Supply Chain Disruption Crisis"
        }
    ],
    "Scenario": [
        {
            "_comment": "The first scenaria should be before the team formation",
            "id": 1,
            "name": "Introduction and Background Information",
            "game_id": 1,
            "first_scenario": true
        },
        {
            "id": 2,
            "name": "Initial Strategy Meeting ",
            "game_id": 1,
            "first_scenario": true
        },
        {
            "id": 3,
            "name": "Customer Order Cancellations",
            "game_id": 1,
            "first_scenario": false
        },
        {
            "id": 4,
            "name": "Crisis Escalation and Real-Time Problem Solving Development1",
            "game_id": 1,
            "first_scenario": false
        },
        {
            "_comment": "For simplicity, I'll end here",
            "id": 5,
            "name": "Development2",
            "game_id": 1,
            "first_scenario": false
        }
    ],
    "ScenarioFiles": [
        {
            "_comment": "We can make up ssome",
            "id": 1,
            "name": "Supply Chain Report",
            "scenario_id": 1,
            "url": "http://example.com/blablabla.pdf"
        }
    ],
    "ScenarioChoices": [
        {
            "_comment": "The story is linear, so each scene will only have one choice",
            "id": 1,
            "scenario_id": 1,
            "content": "..."
        },
        {
            "id": 3,
            "scenario_id": 3,
            "content": "..."
        },
        {
            "id": 4,
            "scenario_id": 4,
            "content": "..."
        },
        {
            "id": 5,
            "scenario_id": 5,
            "content": "..."
        }
    ],
    "ScenarioDecisionMapping": [
        {
            "_comment": "The story is linear, so each scene will only have one decision",
            "id": 1,
            "from_scenario": 1,
            "to_scenario": 2,
            "choice_id": 1
        },
        {
            "id": 2,
            "from_scenario": 2,
            "to_scenario": 3,
            "choice_id": 2
        },
        {
            "id": 3,
            "from_scenario": 3,
            "to_scenario": 4,
            "choice_id": 3
        },
        {
            "id": 4,
            "from_scenario": 4,
            "to_scenario": 5,
            "choice_id": 4
        }
    ],
    "GameInstance": [
        {
            "id": 1,
            "game_id": 1,
            "location_id": 1,
            "room_id": 1,
            "scenario_id": 1,
            "state": "created",
            "created_at": "2024-10-19T09:00:00Z",
            "updated_at": "2024-10-19T10:00:00Z"
        }
    ],
    "Message": [
        {
            "id": 1,
            "game_instance_id": 1,
            "content": "The crisis has just started, what is your plan?"
        }
    ],
    "MessageFiles": [
        {
            "id": 1,
            "message_id": 1,
            "url": "http://blabla.pdf"
        }
    ],
    "RoleInstance": [
        {
            "instance_id": 1,
            "role_id": 1
        },
        {
            "instance_id": 2,
            "role_id": 2
        },
        {
            "instance_id": 3,
            "role_id": 3
        },
        {
            "instance_id": 4,
            "role_id": 4
        },
        {
            "instance_id": 5,
            "role_id": 5
        },
        {
            "instance_id": 6,
            "role_id": 6
        },
        {
            "instance_id": 7,
            "role_id": 7
        },
        {
            "instance_id": 8,
            "role_id": 8
        },
        {
            "instance_id": 9,
            "role_id": 9
        }
    ],
    "InstanceStatus": [
        {
            "instance_id": 1,
            "current_scenario_id": 1,
            "next_scenario_id": 2
        }
    ]
}