{
  "name": "hox",
  "version": "1.0.0",
  "description": "",
  "main": "index.js",
  "scripts": {
    "complie:sass-animation": "node-sass HomeAnimationPage/sass/main.scss HomePage/css/style.css -w",
    "complie:sass-home": "node-sass HomePage/sass/main.scss HomePage/css/style.css -w",
    "complie:sass-members": "node-sass MemberPage/sass/main.scss MemberPage/css/style.css -w"
  },
  "keywords": [],
  "author": "",
  "license": "ISC",
  "dependencies": {
    "gsap": "file:gsap-bonus.tgz",
    "node-sass": "^8.0.0"
  }
}
